1140,993,163,-1
1140,996,163,1
1140,999,163,2
1140,1000,166,3
1140,1000,166,4
1140,1010,166,5
1140,1010,166,6
1150,1010,166,7
1150,1010,166,8
1150,1010,166,9
1150,1010,166,10
1150,1010,166,11
1150,1010,166,12
1150,1010,166,13
1150,1020,166,14
1150,1020,166,15
1150,1020,166,16
1150,1030,166,17
1150,1030,165,18
1150,1040,165,19
1160,1040,164,20
1160,1050,164,21
1160,1050,163,22
1160,1060,163,23
1160,1060,162,24
1170,1070,162,25
1170,1070,162,26
1170,1080,162,27
1170,1080,161,28
1170,1080,161,29
1180,1090,161,30
1180,1090,160,31
1180,1100,160,32
1190,1100,160,33
1190,1100,160,34
1190,1100,160,35
1190,1110,160,36
1190,1110,159,37
1190,1110,159,38
1190,1110,159,39
1200,1110,158,40
1200,1110,158,41
1200,1120,157,42
1200,1120,156,43
1210,1120,156,44
1210,1130,155,45
1210,1130,155,46
1210,1140,155,47
1210,1140,154,48
1220,1150,154,49
1220,1150,153,50
1220,1160,153,51
1220,1160,152,52
1230,1160,151,53
1230,1170,151,54
1230,1170,150,55
1230,1180,148,56
1230,1180,148,57
1240,1180,148,58
1240,1190,147,59
1240,1190,147,60
1240,1200,146,61
1240,1200,146,62
1250,1210,145,63
1250,1220,145,64
1250,1220,145,65
1250,1230,144,66
1250,1230,145,67
1250,1240,145,68
1250,1250,145,69
1250,1250,145,70
1250,1260,145,71
1250,1260,145,72
1250,1260,145,73
1250,1260,145,74
1250,1270,144,75
1250,1270,144,76
1250,1270,144,77
1250,1270,144,78
1250,1270,143,79
1250,1270,143,80
1250,1270,143,81
1250,1270,143,82
1190,1110,160,36
1190,1120,160,84
1190,1120,161,85
1190,1130,161,86
1180,1130,160,87
1180,1140,160,88
1180,1140,160,89
1180,1150,160,90
1180,1160,160,91
1180,1160,160,92
1180,1170,160,93
1180,1170,160,94
1180,1170,161,95
1180,1180,158,96
1180,1180,157,97
1180,1180,155,98
1170,1190,155,99
1170,1190,155,100
1170,1190,155,101
1170,1190,157,102
1170,1200,159,103
1170,1200,159,104
1170,1210,158,105
1170,1220,158,106
1180,1220,158,107
1180,1230,158,108
1180,1240,158,109
1180,1240,158,110
1170,1250,159,111
1170,1250,160,112
1170,1250,161,113
1170,1250,162,114
1170,1250,162,115
1170,1260,162,116
1170,1260,162,117
1170,1260,162,118
1160,1260,153,119
1160,1270,154,120
1160,1270,154,121
1160,1280,155,122
1160,1280,155,123
1160,1290,154,124
1160,1290,154,125
1170,1300,154,126
1170,1310,154,127
1170,1310,154,128
1170,1320,154,129
1170,1320,153,130
1170,1330,153,131
1170,1330,153,132
1170,1340,154,133
1170,1340,155,134
1170,1350,155,135
1170,1350,156,136
1170,1360,157,137
1170,1360,157,138
1170,1360,157,139
1170,1360,157,140
1170,1360,157,141
1170,1360,157,142
1170,1370,157,143
1170,1370,157,144
1170,1370,157,145
1180,1370,157,146
1160,1250,153,120
1160,1250,153,148
1160,1240,153,149
1150,1240,153,150
1150,1230,153,151
1150,1230,153,152
1150,1220,153,153
1150,1210,153,154
1150,1210,153,155
1150,1200,153,156
1150,1190,152,157
1150,1190,152,158
1150,1180,153,159
1150,1170,153,160
1150,1170,154,161
1150,1160,155,162
1150,1160,155,163
1150,1150,156,164
1150,1150,156,165
1150,1140,157,166
1150,1140,157,167
1150,1140,157,168
1150,1130,157,169
1150,1130,157,170
1150,1130,157,171
1140,1120,157,172
1140,1120,156,173
1140,1110,156,174
1140,1110,156,175
1140,1100,156,176
1130,1100,155,177
1130,1090,154,178
1130,1090,154,179
1130,1080,153,180
1130,1080,154,181
1130,1070,154,182
1130,1070,154,183
1130,1060,154,184
1130,1050,154,185
1170,1200,155,103
1170,1200,154,187
1170,1210,154,188
1170,1220,153,189
1170,1220,152,190
1170,1230,151,191
1170,1240,151,192
1170,1240,151,193
1170,1240,150,194
1180,1140,160,88
1180,1140,159,196
1180,1150,159,197
1180,1150,158,198
1180,1160,157,199
1180,1160,156,200
1180,1170,156,201
1180,1170,156,202
1180,1170,156,203
1180,1170,156,204
1180,1170,156,205
1180,1170,156,206
1180,1170,155,207
1180,1180,155,208
1180,1180,155,209
1180,1180,155,210
1180,1180,155,211
1180,1180,155,212
1180,1180,156,213
1180,1180,157,214
1180,1180,158,215
1190,1110,159,36
1190,1110,159,217
1190,1100,159,218
1190,1100,159,219
1200,1100,159,220
1200,1100,159,221
1200,1100,158,222
1200,1100,158,223
1200,1100,158,224
1200,1100,158,225
1200,1100,157,226
1200,1100,156,227
1210,1100,155,228
1210,1100,154,229
1220,1110,153,230
1220,1110,153,231
1230,1110,151,232
1230,1110,150,233
1230,1120,149,234
1240,1120,148,235
1240,1120,147,236
1240,1120,146,237
1240,1120,146,238
1240,1120,146,239
1250,1130,146,240
1250,1130,146,241
1250,1130,146,242
1250,1130,146,243
1250,1130,145,244
1250,1130,144,245
1250,1130,144,246
1250,1130,144,247
1250,1130,144,248
1250,1130,144,249
1260,1130,142,250
1260,1130,142,251
1260,1130,142,252
1260,1130,141,253
1260,1130,141,254
1260,1130,141,255
1260,1140,141,256
1260,1140,141,257
1260,1140,141,258
1260,1140,141,259
1140,1000,166,4
1140,1000,166,261
1140,1010,164,262
1140,1010,163,263
1140,1010,161,264
1140,1010,161,265
1140,1010,161,266
1140,1020,161,267
1130,1020,160,268
1130,1020,159,269
1130,1030,158,270
1130,1030,158,271
1130,1030,157,272
1130,1030,156,273
1130,1030,156,274
1130,1040,155,275
1120,1040,154,276
1120,1040,152,277
1120,1040,150,278
1120,1050,148,279
1120,1050,146,280
1110,1060,144,281
1110,1060,143,282
1110,1060,143,283
1110,1060,142,284
1110,1060,141,285
1110,1060,140,286
1110,1060,138,287
1110,1070,137,288
1110,1070,136,289
1110,1070,136,290
1110,1070,136,291
1110,1070,134,292
1110,1080,132,293
1110,1080,130,294
1100,1080,128,295
1100,1090,126,296
1100,1090,124,297
1100,1100,123,298
1100,1100,121,299
1100,1110,120,300
1100,1110,119,301
1100,1120,118,302
1100,1120,116,303
1100,1130,114,304
1100,1130,112,305
1100,1130,111,306
1100,1140,109,307
1100,1140,107,308
1100,1150,105,309
1090,1150,103,310
1090,1160,102,311
1090,1160,101,312
1090,1160,100,313
1090,1170,98,314
1090,1170,98,315
1090,1170,98,316
1090,1170,98,317
1090,1170,97,318
1090,1180,95,319
1090,1180,94,320
1090,1190,92,321
1090,1190,90,322
1080,1200,89,323
1080,1200,88,324
1080,1200,86,325
1080,1210,83,326
1080,1210,81,327
1080,1210,80,328
1080,1210,79,329
1080,1220,78,330
1080,1220,78,331
1080,1220,78,332
1080,1220,78,333
1110,1070,136,289
1120,1070,134,335
1120,1070,132,336
1120,1080,130,337
1120,1080,127,338
1120,1080,125,339
1130,1090,123,340
1130,1090,121,341
1130,1090,119,342
1130,1090,117,343
1140,1090,114,344
1140,1100,112,345
1140,1100,110,346
1150,1100,108,347
1150,1100,106,348
1150,1100,104,349
1160,1110,102,350
1160,1110,102,351
1160,1110,101,352
1160,1110,100,353
1160,1110,100,354
1160,1110,99,355
1170,1110,98,356
1170,1110,97,357
1170,1120,96,358
1180,1120,95,359
1180,1120,95,360
1180,1120,95,361
1180,1120,94,362
1180,1120,93,363
1190,1120,92,364
1190,1120,91,365
1190,1120,90,366
1190,1120,90,367
1190,1120,89,368
1190,1120,88,369
1190,1120,88,370
1190,1120,88,371
1190,1120,88,372
1110,1060,141,284
1100,1060,142,374
1100,1060,142,375
1100,1070,142,376
1090,1070,142,377
1090,1080,141,378
1090,1080,140,379
1080,1080,139,380
1080,1080,138,381
1070,1080,138,382
1070,1090,138,383
1070,1090,138,384
1060,1090,137,385
1060,1090,137,386
1050,1090,137,387
1050,1100,137,388
1040,1100,137,389
1040,1100,137,390
1030,1100,136,391
1030,1110,136,392
1030,1110,135,393
1030,1110,135,394
1030,1110,136,395
1030,1110,136,396
1020,1110,136,397
1020,1120,136,398
1020,1120,135,399
1020,1120,134,400
1020,1120,135,401
1020,1120,135,402
1020,1120,135,403
1010,1130,134,404
1010,1130,134,405
1010,1140,133,406
1010,1140,133,407
1010,1150,133,408
1000,1150,132,409
1000,1150,132,410
1000,1160,131,411
998,1160,131,412
995,1170,130,413
994,1170,130,414
993,1170,130,415
992,1170,129,416
990,1170,129,417
989,1170,129,418
984,1180,129,419
980,1180,129,420
975,1180,129,421
972,1180,129,422
969,1180,129,423
968,1180,128,424
967,1180,128,425
966,1180,128,426
961,1190,128,427
957,1190,128,428
953,1190,128,429
950,1200,128,430
946,1200,128,431
945,1200,127,432
943,1200,127,433
943,1200,127,434
943,1210,126,435
942,1210,126,436
940,1210,127,437
938,1220,127,438
935,1220,127,439
932,1230,127,440
929,1230,126,441
926,1230,126,442
923,1240,126,443
920,1240,125,444
916,1240,124,445
915,1240,123,446
914,1240,122,447
912,1240,122,448
912,1250,122,449
913,1250,122,450
1140,1000,168,262
1140,1000,171,452
1140,1000,171,453
1140,999,173,454
1140,999,172,455
1140,999,172,456
1130,1000,172,457
1130,1000,172,458
1130,1000,175,459
1130,1000,176,460
1130,1000,177,461
1130,1000,179,462
1120,1000,182,463
1120,997,184,464
1120,993,185,465
1120,988,186,466
1110,984,187,467
1110,980,188,468
1110,976,190,469
1110,972,191,470
1110,969,192,471
1110,966,194,472
1100,962,195,473
1100,958,197,474
1100,954,197,475
1100,950,199,476
1100,945,199,477
1090,941,200,478
1090,937,201,479
1090,933,203,480
1090,929,204,481
1090,926,205,482
1080,923,207,483
1080,920,209,484
1080,916,210,485
1080,911,211,486
1080,911,210,487
1080,910,209,488
1080,909,209,489
1080,909,209,490
1080,909,209,491
1080,907,208,492
1080,903,205,493
1080,902,205,494
1080,900,204,495
1080,897,202,496
1080,897,200,497
1080,898,198,498
1080,900,197,499
1080,901,196,500
1080,904,192,501
1080,904,192,502
1080,905,190,503
1080,907,189,504
1080,908,188,505
1080,910,187,506
1080,911,186,507
1080,913,186,508
1080,914,185,509
1080,916,184,510
1080,917,183,511
1080,918,182,512
1080,920,181,513
1080,921,180,514
1080,924,179,515
1080,927,177,516
1080,930,175,517
1090,933,173,518
1090,937,172,519
1090,940,171,520
1090,943,169,521
1100,946,168,522
1100,949,166,523
1100,950,166,524
1100,951,165,525
1100,952,163,526
1100,953,163,527
1100,955,163,528
1110,959,163,529
1110,959,163,530
1110,960,163,531
1110,961,163,532
1110,963,163,533
1120,966,164,534
1120,966,164,535
1120,967,164,536
1120,969,164,537
1120,970,164,538
1130,975,164,539
1130,979,164,540
1130,982,164,541
1140,985,164,542
1140,989,164,543
1140,989,164,544
1140,990,163,545
1100,952,163,529
1100,950,162,547
1090,948,162,548
1090,948,161,549
1090,947,160,550
1090,946,160,551
1090,945,161,552
1090,941,161,553
1080,937,161,554
1080,933,161,555
1080,930,161,556
1070,925,161,557
1070,921,161,558
1070,916,161,559
1070,912,161,560
1060,908,161,561
1060,903,161,562
1060,900,161,563
1060,896,161,564
1050,892,161,565
1050,888,161,566
1040,885,161,567
1040,883,160,568
1040,880,160,569
1030,876,160,570
1030,873,160,571
1030,870,160,572
1020,866,160,573
1020,862,160,574
1020,858,160,575
1010,855,160,576
1010,852,160,577
1000,849,160,578
1000,847,160,579
997,843,160,580
993,840,160,581
990,836,160,582
986,834,159,583
983,830,159,584
980,826,159,585
975,824,159,586
972,821,158,587
969,817,158,588
967,813,157,589
963,810,157,590
960,806,157,591
958,801,157,592
956,796,157,593
952,794,156,594
950,789,156,595
947,785,156,596
944,782,155,597
941,778,155,598
937,775,155,599
934,773,153,600
930,770,153,601
927,766,153,602
924,762,153,603
920,760,152,604
917,756,152,605
913,753,152,606
910,750,151,607
905,748,151,608
901,746,150,609
896,744,150,610
891,742,150,611
887,739,150,612
883,737,149,613
882,735,149,614
881,733,149,615
879,733,148,616
876,733,148,617
875,733,147,618
869,733,146,619
863,733,145,620
858,734,144,621
852,734,143,622
847,733,142,623
842,732,141,624
836,732,140,625
830,731,140,626
823,731,140,627
819,729,139,628
813,729,138,629
808,728,137,630
802,727,137,631
797,726,136,632
792,725,135,633
787,726,134,634
783,724,133,635
778,723,132,636
772,722,132,637
767,723,131,638
764,726,130,639
760,728,129,640
758,729,129,641
757,730,128,642
756,732,128,643
750,731,128,644
745,731,126,645
739,731,125,646
734,730,124,647
728,729,124,648
723,730,123,649
717,730,122,650
712,728,122,651
708,726,121,652
703,725,120,653
699,722,120,654
694,721,119,655
689,719,119,656
684,719,117,657
679,718,116,658
674,716,116,659
670,713,116,660
669,711,116,661
667,710,116,662
666,708,116,663
664,708,115,664
663,707,115,665
658,705,115,666
653,703,115,667
653,703,114,668
652,703,114,669
651,703,114,670
650,703,114,671
649,703,114,672
648,703,114,673
647,703,114,674
647,702,114,675
647,701,114,676
647,701,113,677
647,700,113,678
646,700,113,679
646,699,113,680
646,698,113,681
646,697,113,682
645,697,113,683
644,697,113,684
643,697,113,685
642,697,113,686
641,697,113,687
640,697,113,688
634,696,113,689
627,696,113,690
620,696,113,691
615,694,113,692
609,694,112,693
604,692,112,694
603,692,112,695
603,691,112,696
603,691,111,697
602,691,111,698
601,691,111,699
600,691,111,700
599,691,111,701
599,691,112,702
593,692,112,703
588,693,113,704
583,692,114,705
579,690,115,706
574,688,115,707
568,688,116,708
563,688,118,709
559,686,119,710
556,686,119,711
554,685,119,712
552,684,119,713
551,683,118,714
550,682,118,715
548,681,118,716
548,679,119,717
545,679,119,718
543,678,119,719
542,678,120,720
537,678,122,721
534,678,122,722
532,679,122,723
531,680,123,724
529,681,123,725
529,684,123,726
673,720,114,660
671,724,113,728
670,728,111,729
667,731,110,730
665,733,107,731
661,735,106,732
658,737,104,733
657,741,102,734
654,743,100,735
652,746,98,736
651,747,97,737
651,749,96,738
649,749,95,739
647,749,94,740
645,749,94,741
639,750,94,742
636,753,93,743
632,756,93,744
627,757,92,745
622,758,91,746
616,759,91,747
611,761,91,748
604,761,91,749
600,763,90,750
596,765,89,751
592,768,89,752
588,770,88,753
584,772,87,754
581,776,87,755
578,779,86,756
575,783,86,757
574,788,85,758
574,790,84,759
762,721,131,639
758,719,130,761
755,715,130,762
752,711,130,763
748,708,130,764
745,704,130,765
743,700,129,766
740,696,129,767
737,693,128,768
734,690,127,769
728,689,127,770
726,689,126,771
724,688,126,772
722,688,125,773
721,686,125,774
720,685,125,775
719,681,123,776
716,678,122,777
713,675,121,778
710,672,120,779
709,671,119,780
707,670,119,781
706,669,118,782
704,669,117,783
702,667,116,784
700,666,116,785
700,665,116,786
697,662,115,787
693,660,114,788
690,658,112,789
687,655,111,790
686,655,111,791
686,654,111,792
686,653,111,793
686,653,110,794
685,653,110,795
684,653,110,796
683,653,110,797
683,654,110,798
683,654,111,799
683,654,112,800
681,650,108,798
678,647,107,802
676,645,104,803
675,644,103,804
674,644,101,805
672,643,101,806
670,642,101,807
670,640,101,808
669,638,101,809
668,636,101,810
667,634,101,811
666,633,100,812
665,633,99,813
664,632,98,814
663,631,97,815
661,631,96,816
661,628,96,817
661,627,95,818
660,623,93,819
659,620,90,820
658,619,89,821
657,619,87,822
656,618,86,823
656,616,85,824
656,615,84,825
654,613,81,826
654,611,80,827
653,611,78,828
651,611,77,829
651,612,75,830
647,613,75,831
672,644,97,807
672,647,93,833
671,649,89,834
670,650,84,835
669,652,80,836
668,653,79,837
667,654,78,838
667,654,75,839
667,654,72,840
667,654,70,841
667,654,63,842
667,653,58,843
879,730,149,615
877,726,148,845
874,722,148,846
873,716,148,847
872,711,147,848
869,707,147,849
867,702,147,850
864,699,146,851
861,695,146,852
859,691,145,853
856,687,145,854
853,683,145,855
850,679,145,856
846,676,145,857
843,673,144,858
840,669,144,859
837,666,143,860
835,661,143,861
832,658,142,862
829,654,142,863
826,650,142,864
823,647,141,865
820,643,141,866
818,639,140,867
818,632,140,868
817,627,139,869
815,622,139,870
813,618,138,871
812,612,138,872
810,608,137,873
808,603,137,874
806,599,136,875
803,595,136,876
801,590,136,877
798,586,136,878
796,582,135,879
795,576,135,880
793,572,134,881
791,567,134,882
790,561,134,883
788,556,134,884
786,552,133,885
785,547,132,886
782,543,132,887
781,537,132,888
780,531,132,889
779,529,132,890
778,528,131,891
777,526,131,892
777,524,132,893
777,522,132,894
775,517,132,895
774,512,133,896
772,507,133,897
770,503,134,898
768,502,134,899
767,500,134,900
766,499,135,901
763,499,135,902
760,496,136,903
758,495,136,904
757,493,136,905
755,493,137,906
754,491,137,907
753,487,137,908
750,487,137,909
749,487,137,910
747,482,137,911
745,478,138,912
746,472,138,913
746,465,138,914
746,459,139,915
747,453,139,916
749,448,139,917
750,442,139,918
752,438,140,919
752,431,140,920
750,426,140,921
748,422,141,922
746,418,142,923
745,416,142,924
744,414,142,925
742,413,142,926
742,412,144,927
742,410,144,928
742,404,145,929
744,403,145,930
745,401,145,931
745,398,145,932
745,396,146,933
745,394,146,934
746,392,146,935
747,390,146,936
749,389,146,937
745,475,138,914
742,475,138,939
739,475,138,940
736,475,138,941
733,476,139,942
733,478,140,943
730,479,140,944
728,479,141,945
727,479,141,946
721,478,141,947
718,478,141,948
717,478,143,949
716,480,143,950
714,481,143,951
712,481,143,952
706,482,143,953
700,481,143,954
693,481,143,955
689,483,144,956
683,484,144,957
678,486,144,958
672,487,144,959
669,487,144,960
668,487,142,961
666,486,142,962
665,484,142,963
663,482,141,964
661,482,140,965
660,482,140,966
655,483,139,967
650,484,138,968
645,485,137,969
640,487,137,970
636,490,137,971
633,493,136,972
629,496,136,973
626,500,136,974
623,503,135,975
622,503,135,976
622,504,135,977
622,505,135,978
621,505,135,979
621,506,135,980
621,507,135,981
621,508,135,982
764,497,135,903
764,495,136,984
763,493,136,985
763,492,134,986
763,490,134,987
763,483,134,988
762,477,134,989
761,471,134,990
759,466,134,991
759,459,134,992
757,454,134,993
757,447,134,994
760,443,134,995
760,436,134,996
762,431,134,997
762,424,134,998
762,421,134,999
761,419,134,1000
760,417,134,1000
758,417,135,1000
758,415,135,1000
756,410,135,1000
754,406,136,1010
751,402,136,1010
748,398,136,1010
747,393,137,1010
746,387,137,1010
744,382,137,1010
743,377,136,1010
744,372,135,1010
744,372,132,1010
744,369,132,1010
744,366,132,1020
746,365,132,1020
746,363,132,1020
750,360,132,1020
752,356,133,1020
755,352,133,1020
756,350,133,1020
757,348,133,1020
758,347,132,1020
758,346,130,1020
758,346,128,1030
758,344,125,1030
775,526,130,892
772,523,129,1030
769,521,127,1030
767,518,125,1030
767,512,124,1030
765,509,122,1030
764,507,122,1030
764,504,122,1030
763,503,121,1040
761,502,121,1040
760,501,121,1040
757,498,120,1040
753,496,119,1040
753,496,116,1040
751,495,116,1040
749,494,116,1040
749,491,116,1040
749,489,116,1040
746,485,116,1050
746,482,116,1050
745,480,116,1050
745,479,114,1050
742,479,114,1050
743,478,112,1050
741,478,111,1050
741,478,108,1050
741,476,107,1050
741,475,105,1050
741,473,102,1060
743,473,101,1060
743,473,100,1060
745,471,97,1060
745,471,96,1060
738,488,116,1050
732,489,116,1060
727,487,116,1060
722,485,116,1060
717,483,116,1060
710,483,116,1070
705,485,116,1070
700,487,116,1070
693,487,116,1070
688,489,116,1070
685,489,116,1070
682,489,116,1070
679,489,116,1070
678,489,118,1070
909,750,151,608
909,749,151,1080
909,748,151,1080
909,747,151,1080
909,746,151,1080
909,745,151,1080
909,744,151,1080
910,744,151,1080
911,744,151,1080
912,744,151,1080
914,739,151,1080
914,733,150,1090
915,727,150,1090
917,722,150,1090
918,716,150,1090
920,711,150,1090
921,706,149,1090
924,703,148,1090
927,699,148,1090
929,695,147,1090
931,691,146,1090
933,686,146,1100
937,683,146,1100
938,679,144,1100
941,675,144,1100
942,670,143,1100
944,665,143,1100
946,665,144,1100
947,663,144,1100
947,661,143,1100
947,658,143,1100
949,655,143,1110
949,653,142,1110
950,653,142,1110
952,648,142,1110
953,643,141,1110
954,637,141,1110
955,632,140,1110
955,625,140,1110
954,619,140,1110
955,614,139,1110
955,611,139,1120
955,608,139,1120
954,607,139,1120
910,751,151,608
911,751,151,1120
911,752,151,607
911,752,151,1120
937,774,153,600
936,772,153,1120
937,770,153,1120
937,769,153,1120
938,769,153,1130
939,769,153,1130
940,769,153,1130
940,769,154,1130
940,769,155,1130
941,769,157,1130
941,768,159,1130
940,765,159,1130
940,764,161,1130
940,763,161,1130
939,758,162,1140
938,754,164,1140
937,750,166,1140
938,747,169,1140
939,743,171,1140
939,738,173,1140
940,734,175,1140
942,731,177,1140
944,727,178,1140
946,723,179,1140
949,720,180,1150
951,716,181,1150
953,712,182,1150
953,709,182,1150
953,707,183,1150
955,706,183,1150
956,704,183,1150
958,703,185,1150
959,702,186,1150
961,700,186,1150
961,698,187,1160
961,697,187,1160
961,695,188,1160
961,693,189,1160
960,692,189,1160
938,777,155,600
940,778,155,598
940,778,155,1160
1030,879,161,570
1030,879,161,1160
1030,880,161,1160
1030,881,161,1170
1030,882,161,1170
1020,885,162,1170
1020,886,163,1170
1010,886,164,1170
1010,886,165,1170
1000,887,166,1170
999,888,166,1170
996,888,166,1170
994,888,167,1170
992,887,167,1180
991,886,167,1180
986,885,168,1180
981,883,168,1180
976,882,169,1180
970,882,170,1180
964,882,171,1180
960,884,172,1180
954,884,173,1180
948,885,173,1180
942,886,173,1190
935,886,173,1190
931,888,174,1190
926,889,175,1190
921,891,175,1190
914,891,175,1190
909,890,176,1190
904,888,176,1190
899,886,176,1190
893,886,177,1190
887,886,178,1200
882,887,179,1200
878,889,180,1200
872,890,180,1200
867,890,182,1200
861,891,182,1200
855,892,182,1200
850,894,182,1200
844,893,182,1200
838,893,183,1200
832,893,184,1210
827,892,185,1210
822,892,187,1210
819,892,187,1210
816,892,187,1210
814,892,188,1210
813,894,188,1210
813,895,188,1210
1060,902,161,563
1060,900,161,1210
1060,897,161,1220
1060,895,162,1220
1060,894,162,1220
1060,888,162,1220
1060,883,163,1220
1070,873,163,1220
1070,868,164,1220
1070,862,164,1220
1070,857,164,1220
1070,851,165,1220
1070,846,166,1230
1070,839,166,1230
1070,833,166,1230
1070,827,166,1230
1070,820,166,1230
1070,814,166,1230
1070,807,166,1230
1070,801,166,1230
1070,796,165,1230
1070,789,165,1230
1070,782,165,1240
1070,776,164,1240
1070,770,163,1240
1070,763,163,1240
1070,756,163,1240
1080,752,164,1240
1080,746,164,1240
1080,739,164,1240
1080,735,163,1240
1080,730,163,1240
1080,726,162,1250
1080,720,162,1250
1090,715,161,1250
1090,711,161,1250
1090,708,160,1250
1090,703,160,1250
1100,699,159,1250
1100,696,159,1250
1100,695,159,1250
1100,693,158,1250
1100,691,158,1260
1100,689,157,1260
1100,688,157,1260
1100,688,157,1260
1100,688,157,1260
1100,688,157,1260
1100,688,157,1260
1100,688,156,1260
1100,686,156,1260
1100,684,155,1260
1100,683,155,1270
1100,679,154,1270
1100,674,154,1270
1110,670,153,1270
1110,665,152,1270
1110,659,151,1270
1110,654,150,1270
1110,651,148,1270
1110,648,147,1270
1120,644,146,1270
1120,640,145,1280
1120,636,145,1280
1120,632,144,1280
1130,629,142,1280
1130,624,141,1280
1130,620,140,1280
1130,616,139,1280
1130,612,138,1280
1130,607,137,1280
1130,601,137,1280
1130,596,136,1290
1130,590,136,1290
1130,586,135,1290
1130,582,134,1290
1130,577,132,1290
1130,573,131,1290
1130,572,130,1290
1130,570,130,1290
1130,570,128,1290
1140,570,128,1290
1140,570,128,1300
1140,570,128,1300
1070,836,168,1230
1080,832,169,1300
1080,827,169,1300
1080,822,170,1300
1080,818,170,1300
1080,815,171,1300
1090,809,171,1300
1090,805,173,1300
1090,799,174,1310
1090,795,176,1310
1090,790,177,1310
1090,785,179,1310
1080,780,180,1310
1080,775,182,1310
1090,773,182,1310
1090,772,184,1310
1090,770,184,1310
1090,770,186,1310
1090,769,186,1320
1090,767,187,1320
1090,766,187,1320
1090,766,188,1320
1090,764,188,1320
1090,761,188,1320
1090,758,188,1320
1090,757,189,1320
1090,754,189,1320
1090,751,189,1320
1090,750,191,1330
1100,750,193,1330
1100,749,193,1330
1100,748,195,1330
1100,747,196,1330
1110,745,197,1330
1110,741,197,1330
1120,739,198,1330
1120,736,198,1330
1120,733,199,1330
1130,729,199,1340
1130,726,200,1340
1130,722,200,1340
1140,718,200,1340
1140,716,201,1340
1140,712,201,1340
1140,709,202,1340
1150,706,202,1340
1150,703,203,1340
1160,700,204,1340
1160,696,204,1350
1160,693,205,1350
1160,690,205,1350
1170,688,205,1350
1090,947,158,551
1090,948,156,1350
1090,949,154,1350
1090,950,153,1350
1090,951,153,1350
1090,953,150,1350
1100,956,148,1360
1100,960,147,1360
1100,963,146,1360
1100,966,144,1360
1100,968,144,1360
1100,969,142,1360
1110,970,141,1360
1100,971,139,1360
1110,965,137,1360
1110,963,135,1360
1110,960,134,1370
1120,958,133,1370
1120,956,132,1370
1120,955,130,1370
1130,951,129,1370
1130,950,129,1370
1130,948,129,1370
1130,948,127,1370
1130,946,127,1370
1130,946,126,1370
1140,943,124,1380
1140,941,122,1380
1140,939,120,1380
1140,938,119,1380
1140,937,118,1380
1140,936,117,1380
1150,936,116,1380
1150,936,115,1380
1150,934,113,1380
1150,931,111,1380
1160,929,110,1390
1160,927,108,1390
1160,924,107,1390
1170,922,105,1390
1170,922,104,1390
1170,922,102,1390
1170,920,102,1390
1170,919,100,1390
1170,917,100,1390
1170,914,98,1390
1170,911,96,1400
1170,908,96,1400
1170,906,96,1400
1170,905,95,1400
1180,904,95,1400
1180,903,95,1400
1180,899,95,1400
1180,895,94,1400
1180,893,93,1400
1180,892,93,1400
1190,891,93,1410
1190,890,93,1410
1190,890,92,1410
1190,890,92,1410
1190,890,91,1410
1190,890,91,1410
1190,890,91,1410
1190,890,91,1410
1190,890,90,1410
1190,890,90,1410
1190,889,90,1420
1200,888,90,1420
1200,887,90,1420
1200,886,90,1420
1200,885,90,1420
1200,885,90,1420
1200,884,90,1420
1200,884,88,1420
1200,883,88,1420
1200,883,87,1420
1200,883,86,1430
1200,881,86,1430
1200,879,85,1430
1200,877,84,1430
1200,876,82,1430
1100,974,138,1360
1100,976,138,1430
1100,976,138,1430
1100,981,136,1430
1100,985,134,1430
1100,990,133,1440
1100,994,131,1440
1100,999,130,1440
1100,1000,129,1440
1100,1010,128,1440
1100,1010,126,1440
1100,1020,124,1440
1100,1020,122,1440
1100,1030,121,1440
1100,1030,119,1440
1100,1040,117,1450
1100,1040,116,1450
1100,1040,114,1450
1110,1050,113,1450
1110,1050,113,1450
1110,1050,113,1450
1110,1060,110,1450
1110,1060,109,1450
1110,1060,109,1450
1110,1060,108,1450
1110,1060,108,1460
1110,1070,105,1460
1110,1070,104,1460
1110,1080,100,1460
1110,1080,98,1460
1110,1080,96,1460
1110,1090,94,1460
1110,1090,91,1460
1110,1100,89,1460
1110,1100,88,1460
1110,1110,87,1470
1110,1110,85,1470
1110,1120,84,1470
1110,1120,82,1470
1110,1130,81,1470
1110,1130,80,1470
1110,1140,78,1470
1110,1140,76,1470
1110,1150,75,1470
1110,1150,74,1470
1070,915,182,513
1070,911,182,1480
1070,907,183,1480
1070,904,185,1480
1060,901,186,1480
1060,897,187,1480
1060,894,188,1480
1060,891,189,1480
1050,889,191,1480
1050,885,192,1480
1050,881,193,1490
1050,877,194,1490
1040,874,195,1490
1040,871,196,1490
1040,869,197,1490
1030,866,199,1490
1030,863,200,1490
1030,859,201,1490
1030,854,202,1490
1030,849,203,1490
1020,845,203,1500
1020,841,204,1500
1020,839,208,1500
1020,838,208,1500
1010,837,209,1500
1010,836,210,1500
1010,834,210,1500
1010,833,210,1500
1010,829,212,1500
1010,826,213,1500
1000,824,214,1510
1000,822,215,1510
998,818,216,1510
994,816,217,1510
990,814,218,1510
988,814,218,1510
989,808,221,1510
986,805,222,1510
984,802,224,1510
983,800,224,1510
982,799,225,1520
980,798,225,1520
978,798,226,1520
977,797,226,1520
976,796,227,1520
975,795,228,1520
973,795,229,1520
971,795,230,1520
971,796,231,1520
967,797,233,1520
966,797,235,1530
965,798,236,1530
964,800,236,1530
964,801,238,1530
964,803,238,1530
964,806,238,1530
964,808,239,1530
966,809,239,1530
1020,836,204,1500
1020,832,204,1530
1020,826,204,1540
1010,821,204,1540
1010,816,204,1540
1010,811,203,1540
1010,806,203,1540
1010,802,202,1540
1000,797,202,1540
1000,793,202,1540
1000,789,201,1540
998,784,201,1540
995,781,202,1550
994,776,203,1550
992,772,204,1550
988,769,204,1550
985,765,204,1550
981,762,204,1550
979,761,204,1550
977,760,204,1550
977,759,205,1550
976,757,205,1550
974,754,205,1560
972,752,205,1560
972,752,206,1560
967,750,206,1560
962,748,206,1560
959,747,206,1560
959,746,206,1560
959,745,206,1560
959,744,206,1560
959,743,206,1560
959,742,206,1570
960,741,206,1570
960,740,206,1570
976,758,205,1560
976,755,205,1570
977,753,205,1570
1080,899,209,496
1080,895,211,1570
1080,892,213,1570
1080,890,213,1570
1080,889,214,1580
1080,887,215,1580
1080,885,215,1580
1080,883,217,1580
1080,882,217,1580
1080,881,217,1580
1080,879,219,1580
1080,875,221,1580
1070,872,223,1580
1070,867,224,1580
1070,863,226,1590
1070,858,227,1590
1070,853,228,1590
1070,851,229,1590
1070,849,229,1590
1070,847,230,1590
1070,845,231,1590
1070,842,232,1590
1070,840,232,1590
1070,839,233,1590
1070,838,234,1600
1070,836,235,1600
1080,908,209,491
1080,908,209,1600
1070,908,210,1600
1070,908,210,1600
1070,908,210,1600
1070,908,211,1600
1070,909,211,1600
1070,909,211,1600
1070,909,212,1610
1070,909,212,1610
1070,912,214,1610
1070,916,215,1610
1060,918,217,1610
1060,919,218,1610
1060,919,218,1610
1060,920,219,1610
1060,921,220,1610
1060,922,221,1610
1060,923,222,1620
1060,924,223,1620
1050,925,224,1620
1050,925,226,1620
1050,925,227,1620
1050,925,230,1620
1050,924,232,1620
1040,924,234,1620
1040,924,235,1620
1040,925,235,1620
1040,927,235,1630
1040,927,236,1630
1030,930,237,1630
1030,933,238,1630
1030,937,239,1630
1030,939,240,1630
1020,942,242,1630
1020,945,244,1630
1020,947,247,1630
1020,948,247,1630
1020,949,248,1640
1020,949,250,1640
1020,951,251,1640
1010,953,252,1640
1010,954,253,1640
1010,954,253,1640
1010,957,254,1640
1010,958,254,1640
1010,958,254,1640
1010,959,254,1640
1010,959,254,1650
1010,960,254,1650
1010,960,254,1650
1010,961,254,1650
1010,961,255,1650
1010,962,255,1650
1010,963,255,1650
1010,963,255,1650
1080,907,213,487
1080,903,214,1650
1080,902,215,1660
1080,899,215,1660
1070,896,215,1660
1070,896,216,1660
1070,893,217,1660
1070,891,217,1660
1070,891,218,1660
1070,886,220,1660
1070,882,221,1660
1070,878,223,1660
1070,875,225,1670
1060,872,227,1670
1060,867,228,1670
1060,861,229,1670
1060,855,229,1670
1060,852,230,1670
1060,847,230,1670
1050,843,231,1670
1050,839,232,1670
1050,835,233,1670
1050,831,234,1680
1050,828,236,1680
1050,826,236,1680
1040,826,237,1680
1040,824,237,1680
1040,824,238,1680
1040,823,239,1680
1040,821,239,1680
1040,820,239,1680
1030,818,241,1680
1030,817,241,1690
1030,816,242,1690
1030,813,242,1690
1030,812,243,1690
1030,810,243,1690
1030,806,244,1690
1030,801,245,1690
1030,797,246,1690
1020,792,247,1690
1020,788,248,1690
1020,784,250,1700
1020,781,250,1700
1110,971,192,470
1110,969,193,1700
1110,966,193,1700
1110,964,194,1700
1110,963,194,1700
1110,962,195,1700
1120,958,196,1700
1120,955,197,1700
1120,951,197,1710
1130,948,198,1710
1130,944,198,1710
1130,941,199,1710
1130,937,199,1710
1140,933,200,1710
1140,929,201,1710
1140,925,202,1710
1140,920,202,1710
1140,916,204,1710
1150,911,204,1720
1150,907,205,1720
1150,902,206,1720
1150,897,207,1720
1150,893,207,1720
1150,888,208,1720
1160,884,209,1720
1160,880,210,1720
1160,876,212,1720
1160,873,214,1720
1160,872,215,1730
1160,871,216,1730
1160,869,217,1730
1160,869,219,1730
1170,869,221,1730
1170,868,221,1730
1170,868,221,1730
1170,867,222,1730
1170,867,222,1730
1170,868,222,1730
1180,870,223,1740
1180,870,224,1740
1120,1000,183,464
1120,1000,183,1740
1120,1000,184,1740
1110,1000,185,1740
1110,1000,186,1740
1110,1000,187,1740
1110,1000,187,1740
1110,998,188,1740
1100,996,190,1750
1100,994,192,1750
1100,992,193,1750
1090,990,195,1750
1090,988,197,1750
1090,987,197,1750
1090,986,198,1750
1090,986,199,1750
1090,983,199,1750
1090,982,199,1750
1080,979,201,1760
1080,976,202,1760
1080,973,203,1760
1070,970,205,1760
1070,968,207,1760
1070,965,208,1760
1070,963,209,1760
1060,963,211,1760
1060,961,213,1760
1050,958,214,1760
1050,957,216,1770
1050,955,217,1770
1040,955,219,1770
1040,953,221,1770
1030,952,223,1770
1030,952,225,1770
1020,954,226,1770
1020,954,228,1770
1020,952,228,1770
1010,949,229,1770
1010,947,230,1780
1000,945,231,1780
1000,943,233,1780
996,942,234,1780
991,941,235,1780
986,940,236,1780
984,940,237,1780
982,940,238,1780
980,941,238,1780
978,942,238,1780
977,943,238,1790
974,946,239,1790
970,948,240,1790
965,949,241,1790
961,950,243,1790
957,952,244,1790
953,954,245,1790
951,955,245,1790
949,956,245,1790
946,956,245,1790
944,956,246,1800
943,956,247,1800
937,956,248,1800
933,957,250,1800
927,957,251,1800
923,957,254,1800
922,956,255,1800
920,956,256,1800
918,957,256,1800
917,958,257,1800
916,959,257,1810
914,961,260,1810
912,962,260,1810
911,963,261,1810
910,964,262,1810
909,966,262,1810
909,967,263,1810
908,968,264,1810
907,969,265,1810
907,972,265,1810
907,973,265,1820
1030,946,225,1770
1030,943,227,1820
1030,940,227,1820
1020,937,229,1820
1020,932,230,1820
1020,928,230,1820
1020,925,232,1820
1010,922,232,1820
1010,919,234,1820
1010,915,235,1830
1010,911,236,1830
1010,908,237,1830
1000,905,238,1830
999,902,239,1830
997,898,240,1830
996,893,241,1830
995,888,242,1830
993,885,244,1830
993,879,245,1830
993,873,246,1840
991,869,247,1840
990,863,247,1840
989,857,247,1840
986,853,247,1840
984,852,247,1840
983,851,248,1840
983,848,248,1840
982,847,247,1840
982,845,247,1840
980,840,247,1850
978,836,248,1850
977,834,248,1850
975,834,249,1850
975,831,249,1850
974,829,249,1850
974,827,249,1850
972,824,249,1850
1110,1010,185,1740
1110,1010,186,1850
1110,1010,186,1860
1110,1010,187,1860
1110,1010,188,1860
1110,1010,189,1860
1100,1020,190,1860
1100,1020,191,1860
1100,1020,192,1860
1100,1020,195,1860
1090,1030,197,1860
1090,1030,198,1860
1090,1030,199,1870
1080,1030,200,1870
1080,1030,202,1870
1080,1040,204,1870
1070,1040,205,1870
1070,1040,207,1870
1070,1040,209,1870
1060,1040,209,1870
1060,1040,210,1870
1060,1050,211,1870
1060,1050,211,1880
1060,1050,211,1880
1060,1050,212,1880
1050,1060,213,1880
1050,1060,214,1880
1050,1060,215,1880
1050,1070,216,1880
1050,1070,218,1880
1040,1070,220,1880
1040,1080,221,1880
1040,1080,222,1890
1040,1080,222,1890
1040,1080,223,1890
1040,1080,224,1890
1030,1080,224,1890
1030,1080,225,1890
1020,1080,226,1890
1020,1080,228,1890
1020,1080,229,1890
1010,1090,231,1890
1010,1090,232,1900
1000,1090,233,1900
996,1090,234,1900
990,1090,234,1900
986,1090,235,1900
982,1090,236,1900
978,1100,236,1900
974,1100,235,1900
971,1100,234,1900
968,1100,233,1900
963,1110,233,1910
962,1110,232,1910
961,1110,231,1910
959,1110,231,1910
958,1110,232,1910
957,1110,232,1910
955,1110,232,1910
954,1110,232,1910
952,1110,232,1910
950,1120,231,1910
948,1120,231,1920
943,1120,231,1920
942,1120,231,1920
940,1120,231,1920
937,1120,231,1920
934,1120,231,1920
1100,1030,194,1860
1100,1030,194,1920
1100,1030,197,1920
1100,1030,199,1920
1100,1030,200,1930
1100,1030,200,1930
1100,1040,201,1930
1100,1040,202,1930
1100,1040,203,1930
1100,1050,205,1930
1110,1050,207,1930
1110,1060,208,1930
1110,1060,210,1930
1110,1060,211,1930
1110,1070,212,1940
1110,1070,213,1940
1110,1080,215,1940
1110,1080,217,1940
1120,1080,219,1940
1120,1080,221,1940
1120,1090,223,1940
1130,1090,224,1940
1130,1090,225,1940
1130,1090,226,1940
1130,1090,226,1950
1130,1090,226,1950
1130,1090,227,1950
1130,1090,227,1950
1130,1090,227,1950
1130,1100,228,1950
1130,1090,229,1950
1130,1090,229,1950
1130,1090,229,1950
1130,1090,230,1950
1130,1090,230,1960
1130,1090,230,1960
1130,1090,230,1960
1140,1090,232,1960
1140,1090,234,1960
1140,1090,235,1960
1140,1090,236,1960
1150,1090,238,1960
1150,1090,239,1960
1150,1090,239,1960
1150,1090,240,1970
1150,1090,241,1970
1150,1090,242,1970
1150,1100,243,1970
1150,1100,244,1970
1150,1100,245,1970
1160,1100,246,1970
1160,1100,246,1970
1160,1100,247,1970
1160,1100,247,1970
1090,1030,195,1920
1090,1030,195,1980
1090,1030,196,1980
1090,1040,196,1980
1090,1040,196,1980
1090,1040,197,1980
1090,1040,199,1980
1080,1050,199,1980
1080,1050,200,1980
1080,1060,201,1980
1080,1060,202,1990
1080,1060,202,1990
1070,1070,204,1990
1070,1070,205,1990
1070,1080,206,1990
1070,1080,207,1990
1060,1080,208,1990
1060,1090,209,1990
1060,1090,209,1990
1060,1090,210,1990
1060,1090,210,2000
1060,1100,211,2000
1060,1090,211,2000
1050,1100,212,2000
1050,1100,212,2000
1050,1100,213,2000
1040,1100,213,2000
1040,1110,214,2000
1040,1110,214,2000
1040,1110,215,2000
1040,1110,215,2010
1040,1110,216,2010
1040,1120,216,2010
1030,1120,217,2010
1030,1120,218,2010
1030,1130,218,2010
1030,1130,218,2010
1030,1130,218,2010
1020,1130,218,2010
1020,1130,218,2010
1020,1140,219,2020
1020,1140,219,2020
1010,1140,220,2020
1010,1140,220,2020
1010,1150,220,2020
1010,1150,221,2020
1000,1150,221,2020
1000,1150,221,2020
1000,1160,221,2020
1000,1160,221,2020
1000,1160,221,2030
999,1170,221,2030
998,1170,221,2030
998,1180,221,2030
998,1190,221,2030
997,1190,220,2030
996,1200,220,2030
994,1200,220,2030
994,1210,220,2030
992,1210,221,2030
991,1220,221,2040
992,1230,221,2040
992,1230,221,2040
992,1230,221,2040
992,1230,220,2040
1060,1100,212,2000
1060,1100,212,2040
1060,1100,215,2040
1050,1110,216,2040
1050,1110,218,2040
1050,1110,220,2050
1050,1120,221,2050
1050,1120,223,2050
1040,1120,224,2050
1040,1130,225,2050
1040,1130,226,2050
1040,1140,227,2050
1040,1140,227,2050
1030,1140,230,2050
1030,1140,231,2050
1030,1140,232,2060
1030,1140,232,2060
1030,1150,233,2060
1030,1150,234,2060
1030,1150,234,2060
1030,1150,235,2060
1020,1150,238,2060
1020,1160,239,2060
1020,1160,241,2060
1020,1160,243,2060
1010,1170,244,2070
1010,1170,246,2070
1010,1170,247,2070
1000,1170,248,2070
1000,1180,249,2070
997,1180,250,2070
994,1180,251,2070
991,1180,252,2070
988,1190,252,2070
985,1190,253,2070
982,1190,254,2080
980,1200,254,2080
978,1200,255,2080
977,1210,255,2080
977,1210,256,2080
975,1210,256,2080
975,1210,255,2080
975,1210,255,2080
976,1220,254,2080
976,1220,254,2080
1120,1000,168,462
1120,1000,168,2090
1120,1000,169,2090
1120,1000,169,2090
1120,1000,169,2090
1120,1010,169,2090
1110,1010,168,2090
1110,1010,168,2090
1100,1020,168,2090
1100,1020,168,2090
1100,1020,168,2100
1090,1030,168,2100
1090,1030,168,2100
1090,1030,168,2100
1080,1040,168,2100
1080,1040,167,2100
1080,1040,167,2100
1070,1050,167,2100
1070,1050,166,2100
1070,1050,166,2100
1070,1060,165,2110
1060,1060,165,2110
1060,1070,165,2110
1060,1070,165,2110
1050,1070,165,2110
1050,1080,165,2110
1040,1080,166,2110
1040,1080,166,2110
1040,1090,166,2110
1040,1090,165,2110
1030,1090,164,2120
1030,1100,164,2120
1030,1100,164,2120
1030,1100,164,2120
1030,1110,164,2120
1030,1110,162,2120
1030,1110,162,2120
1020,1110,161,2120
1020,1110,161,2120
1020,1110,160,2120
1020,1120,159,2130
1020,1120,159,2130
1010,1120,158,2130
1010,1130,157,2130
1000,1130,156,2130
1000,1130,155,2130
997,1130,155,2130
993,1130,154,2130
990,1140,152,2130
986,1140,151,2130
981,1140,150,2140
976,1140,150,2140
973,1140,150,2140
970,1150,149,2140
966,1150,149,2140
962,1150,149,2140
959,1160,148,2140
955,1160,148,2140
952,1160,147,2140
949,1170,148,2140
946,1170,148,2150
942,1170,148,2150
940,1170,148,2150
938,1180,148,2150
937,1180,148,2150
936,1180,147,2150
936,1180,146,2150
934,1180,146,2150
932,1190,145,2150
930,1190,145,2150
928,1200,144,2160
924,1200,144,2160
921,1200,144,2160
919,1210,143,2160
915,1210,143,2160
913,1210,142,2160
909,1220,142,2160
905,1220,141,2160
902,1220,141,2160
900,1230,140,2160
896,1230,140,2170
892,1230,139,2170
889,1240,139,2170
887,1240,138,2170
886,1250,137,2170
884,1250,136,2170
884,1260,135,2170
883,1260,134,2170
883,1260,134,2170
883,1260,134,2170
883,1260,134,2180
883,1270,134,2180
883,1270,134,2180
883,1270,134,2180
883,1270,134,2180
1040,1090,166,2110
1040,1090,167,2180
1040,1090,167,2180
1040,1090,168,2180
1030,1090,168,2180
1030,1090,168,2190
1030,1100,169,2190
1030,1100,170,2190
1020,1100,170,2190
1020,1110,170,2190
1020,1110,170,2190
1020,1110,171,2190
1020,1110,171,2190
1020,1110,171,2190
1010,1120,171,2190
1010,1120,171,2200
1010,1120,172,2200
1010,1120,172,2200
1000,1130,173,2200
1000,1130,173,2200
997,1130,173,2200
995,1130,175,2200
991,1140,176,2200
986,1140,176,2200
982,1140,176,2200
977,1140,176,2210
974,1150,176,2210
971,1150,175,2210
970,1160,175,2210
968,1160,176,2210
965,1160,177,2210
963,1170,177,2210
961,1170,178,2210
959,1180,179,2210
959,1180,179,2210
957,1190,179,2220
956,1200,179,2220
955,1200,180,2220
953,1210,180,2220
952,1210,181,2220
950,1210,181,2220
948,1220,181,2220
945,1220,181,2220
943,1230,182,2220
943,1230,182,2220
941,1240,183,2230
940,1240,183,2230
940,1250,184,2230
940,1250,184,2230
939,1250,184,2230
937,1250,184,2230
936,1250,184,2230
1130,998,167,2090
1140,1010,171,455
1140,1010,171,2230
1140,1020,172,2240
1140,1020,173,2240
1140,1030,174,2240
1140,1030,175,2240
1140,1040,176,2240
1140,1040,176,2240
1130,1050,177,2240
1130,1050,177,2240
1130,1050,177,2240
1130,1050,178,2240
1130,1050,178,2250
1130,1050,179,2250
1130,1060,180,2250
1120,1060,180,2250
1120,1060,181,2250
1120,1070,183,2250
1110,1070,184,2250
1110,1070,185,2250
1100,1070,187,2250
1100,1070,188,2250
1100,1080,189,2260
1090,1080,190,2260
1090,1080,192,2260
1080,1080,193,2260
1080,1080,194,2260
1080,1090,195,2260
1070,1090,195,2260
1070,1090,196,2260
1070,1090,196,2260
1060,1100,197,2260
1060,1100,198,2270
1060,1100,199,2270
1050,1100,201,2270
1050,1110,202,2270
1050,1110,204,2270
1050,1120,204,2270
1050,1120,205,2270
1040,1120,205,2270
1040,1120,205,2270
1040,1120,206,2270
1040,1130,206,2280
1040,1130,206,2280
1040,1130,207,2280
1040,1130,207,2280
1040,1140,207,2280
1030,1140,208,2280
1030,1140,208,2280
1030,1140,209,2280
1030,1140,209,2280
1030,1140,209,2280
1030,1150,209,2290
1020,1150,209,2290
1020,1150,209,2290
1020,1150,209,2290
1020,1150,211,2290
1020,1150,212,2290
1020,1150,212,2290
1020,1150,212,2290
1010,1160,213,2290
1010,1160,214,2290
1010,1160,214,2300
1000,1170,215,2300
1000,1170,215,2300
998,1170,216,2300
995,1180,216,2300
992,1180,216,2300
988,1180,217,2300
986,1190,218,2300
985,1190,218,2300
984,1200,219,2300
983,1200,219,2310
981,1210,220,2310
979,1210,220,2310
977,1220,221,2310
974,1220,222,2310
971,1220,222,2310
969,1220,222,2310
967,1230,222,2310
964,1230,222,2310
964,1230,223,2310
963,1230,223,2320
960,1230,223,2320
959,1230,223,2320
953,1230,223,2320
946,1230,223,2320
939,1230,223,2320
933,1230,223,2320
933,1240,223,2320
930,1240,223,2320
927,1240,223,2320
924,1240,223,2330
922,1240,223,2330
915,1240,223,2330
911,1240,223,2330
1130,1060,177,2240
1130,1060,178,2330
1130,1070,177,2330
1130,1070,177,2330
1130,1080,177,2330
1130,1090,177,2330
1130,1090,176,2340
1130,1100,176,2340
1130,1100,175,2340
1130,1110,175,2340
1130,1110,174,2340
1130,1120,174,2340
1120,1130,174,2340
1120,1130,174,2340
1120,1140,173,2340
1120,1140,172,2340
1120,1150,172,2350
1120,1150,171,2350
1120,1160,170,2350
1120,1160,170,2350
1120,1160,170,2350
1120,1160,170,2350
1120,1170,170,2350
1110,1170,170,2350
1110,1170,169,2350
1110,1170,168,2350
1110,1180,168,2360
1110,1190,167,2360
1110,1190,166,2360
1110,1200,166,2360
1110,1200,166,2360
1110,1210,165,2360
1110,1210,165,2360
1110,1220,165,2360
1110,1220,166,2360
1110,1220,166,2360
1110,1230,166,2370
1110,1230,166,2370
1110,1230,166,2370
1100,1230,166,2370
1100,1240,166,2370
1100,1240,166,2370
1100,1250,166,2370
1100,1260,166,2370
1100,1260,166,2370
1110,1270,166,2370
1110,1280,165,2380
1110,1280,165,2380
1110,1290,165,2380
1100,1290,165,2380
1100,1300,165,2380
1100,1300,165,2380
1100,1310,165,2380
1100,1310,165,2380
1090,1320,165,2380
1090,1320,165,2380
1080,1320,165,2390
1080,1320,165,2390
1080,1330,164,2390
1080,1330,164,2390
1070,1340,163,2390
1070,1340,162,2390
1070,1350,161,2390
1070,1350,160,2390
1070,1360,159,2390
1070,1360,159,2390
1070,1370,159,2400
1120,1170,170,2350
1110,1170,169,2400
1110,1180,168,2400
1120,1180,169,2400
1120,1190,170,2400
1120,1200,170,2400
1120,1200,169,2400
1120,1210,170,2400
1120,1210,170,2400
1120,1220,170,2410
1120,1220,170,2410
1110,1230,170,2410
1110,1240,171,2410
1110,1240,170,2410
1110,1250,170,2410
1110,1250,170,2410
1110,1250,170,2410
1110,1250,171,2410
1110,1250,171,2410
1110,1250,171,2420
1110,1260,170,2420
1110,1260,170,2420
1110,1270,170,2420
1120,1280,170,2420
1120,1280,170,2420
1120,1280,170,2420
1120,1280,170,2420
1120,1290,170,2420
1120,1290,170,2420
1150,999,169,454
1160,999,170,2430
1160,999,172,2430
1170,998,174,2430
1170,998,175,2430
1180,996,176,2430
1180,994,176,2430
1180,992,177,2430
1190,990,179,2430
1190,987,179,2430
1200,985,180,2440
1200,982,181,2440
1200,980,182,2440
1210,978,183,2440
1210,977,184,2440
1220,976,186,2440
1220,973,187,2440
1220,971,187,2440
1230,969,189,2440
1230,968,189,2440
1240,966,190,2450
1240,964,191,2450
1240,960,191,2450
1250,957,192,2450
1250,953,192,2450
1250,951,194,2450
1250,948,196,2450
1260,944,196,2450
1260,942,196,2450
1260,939,198,2450
1270,936,199,2460
1270,933,200,2460
1270,931,201,2460
1280,931,202,2460
1280,930,202,2460
1280,928,202,2460
1280,927,203,2460
1280,926,203,2460
1280,924,205,2460
1290,921,205,2460
1290,919,206,2470
1290,917,206,2470
1290,916,206,2470
1290,915,206,2470
1290,914,206,2470
1300,911,207,2470
1300,907,208,2470
1300,904,209,2470
1300,899,209,2470
1310,895,209,2470
1310,892,211,2480
1310,888,211,2480
1310,884,212,2480
1320,880,212,2480
1320,877,214,2480
1320,872,215,2480
1320,868,217,2480
1320,865,219,2480
1320,860,220,2480
1330,857,221,2480
1330,853,221,2490
1330,850,223,2490
1340,846,223,2490
1340,845,224,2490
1340,842,224,2490
1340,841,225,2490
1340,840,226,2490
1340,840,226,2490
1340,840,227,2490
1220,974,187,2440
1230,973,187,2500
1230,974,187,2500
1240,976,187,2500
1240,976,186,2500
1250,977,186,2500
1250,979,186,2500
1260,980,186,2500
1270,981,186,2500
1270,981,186,2500
1280,983,185,2500
1280,983,185,2510
1290,981,185,2510
1290,981,184,2510
1300,982,185,2510
1300,984,185,2510
1310,985,186,2510
1310,986,188,2510
1320,987,190,2510
1320,987,190,2510
1320,987,191,2510
1320,986,191,2520
1330,985,191,2520
1330,984,191,2520
1330,982,192,2520
1330,980,193,2520
1340,978,193,2520
1340,977,193,2520
1340,976,193,2520
1350,975,193,2520
1350,976,193,2520
1190,984,183,2440
1200,983,184,2530
1200,983,186,2530
1200,982,186,2530
1200,982,187,2530
1200,982,189,2530
1210,983,191,2530
1210,983,193,2530
1220,982,195,2530
1220,981,197,2530
1220,979,200,2540
1220,976,202,2540
1230,972,204,2540
1230,970,205,2540
1230,969,207,2540
1230,968,208,2540
1230,967,209,2540
1230,966,209,2540
1230,964,211,2540
1230,961,213,2540
1240,957,215,2550
1240,955,217,2550
1240,953,220,2550
1240,952,221,2550
1240,952,222,2550
1240,952,223,2550
1250,953,224,2550
1250,953,225,2550
1250,956,227,2550
1250,957,227,2550
1250,957,227,2560
1250,957,228,2560
1250,958,228,2560
1250,958,228,2560
1250,958,229,2560
1250,958,229,2560
1250,958,230,2560
1250,958,231,2560
1250,958,232,2560
1250,958,233,2560
1250,957,233,2570
1250,957,234,2570
1250,956,234,2570
1250,954,235,2570
1250,953,236,2570
1250,952,236,2570
1250,947,237,2570
1260,942,238,2570
1260,937,240,2570
1260,934,240,2570
1260,932,241,2580
1250,930,241,2580
1250,929,241,2580
1250,925,241,2580
1250,925,243,2580
1150,998,169,454
1150,997,169,2580
1160,995,170,2580
1160,993,170,2580
1170,991,169,2580
1170,989,169,2590
1180,986,169,2590
1180,982,169,2590
1180,977,169,2590
1180,973,168,2590
1190,967,168,2590
1190,961,168,2590
1190,955,168,2590
1190,948,168,2590
1190,942,168,2590
1190,936,168,2600
1190,930,168,2600
1190,925,167,2600
1190,920,167,2600
1190,915,167,2600
1200,910,167,2600
1200,905,167,2600
1200,900,168,2600
1200,896,168,2600
1200,890,168,2600
1210,886,169,2610
1210,882,170,2610
1210,878,170,2610
1210,874,171,2610
1210,869,171,2610
1220,864,172,2610
1220,859,172,2610
1220,853,172,2610
1220,848,173,2610
1220,846,173,2610
1220,844,174,2620
1220,843,174,2620
1220,842,175,2620
1220,841,175,2620
1230,836,175,2620
1230,833,176,2620
1230,828,176,2620
1240,824,176,2620
1240,820,176,2620
1240,816,177,2620
1240,812,177,2630
1250,807,177,2630
1250,802,178,2630
1250,798,178,2630
1250,793,179,2630
1250,788,179,2630
1250,783,179,2630
1260,779,180,2630
1260,774,180,2630
1260,769,180,2630
1260,764,180,2640
1260,760,181,2640
1270,755,181,2640
1270,750,181,2640
1270,745,181,2640
1270,741,181,2640
1270,738,181,2640
1270,736,181,2640
1280,735,181,2640
1280,735,182,2640
1280,732,182,2650
1280,729,182,2650
1280,729,182,2650
1280,724,182,2650
1290,720,183,2650
1290,716,184,2650
1290,711,185,2650
1290,705,186,2650
1290,700,188,2650
1290,695,188,2650
1290,692,190,2660
1300,689,190,2660
1300,687,192,2660
1300,684,193,2660
1300,682,193,2660
1300,680,194,2660
1300,679,194,2660
1310,679,195,2660
1310,678,195,2660
1310,675,196,2660
1310,671,197,2670
1320,668,197,2670
1320,666,197,2670
1320,664,197,2670
1320,663,197,2670
1320,663,197,2670
1220,834,172,2620
1220,828,172,2670
1230,825,172,2670
1230,819,172,2670
1230,815,171,2680
1230,809,171,2680
1230,804,171,2680
1230,799,170,2680
1230,792,170,2680
1230,786,170,2680
1230,780,169,2680
1230,775,170,2680
1230,768,170,2680
1230,762,169,2680
1230,755,169,2690
1230,750,169,2690
1240,743,169,2690
1240,737,169,2690
1240,732,169,2690
1240,726,169,2690
1240,721,168,2690
1240,714,168,2690
1240,708,167,2690
1240,707,166,2690
1240,704,166,2700
1240,703,165,2700
1240,701,165,2700
1240,700,165,2700
1230,699,164,2700
1230,699,164,2700
1230,696,164,2700
1230,695,165,2700
1230,694,167,2700
1230,691,165,2700
1230,688,165,2710
1230,687,165,2710
1230,685,164,2710
1230,684,164,2710
1220,684,164,2710
1220,682,164,2710
1190,935,168,2600
1190,934,168,2710
1190,934,168,2710
1190,934,168,2710
1190,934,168,2720
1190,934,168,2720
1190,933,168,2720
1190,930,168,2720
1190,928,169,2720
1190,928,170,2720
1190,922,171,2720
1190,916,172,2720
1190,910,173,2720
1190,904,174,2720
1190,898,175,2730
1190,894,176,2730
1190,888,176,2730
1190,882,177,2730
1190,877,178,2730
1190,870,178,2730
1190,864,178,2730
1190,860,179,2730
1190,855,179,2730
1200,850,179,2730
1200,845,180,2740
1200,839,181,2740
1200,833,182,2740
1200,827,183,2740
1200,820,183,2740
1200,815,184,2740
1200,809,185,2740
1200,803,186,2740
1200,798,187,2740
1200,794,188,2740
1200,790,190,2750
1200,785,190,2750
1200,780,191,2750
1200,775,191,2750
1210,770,192,2750
1210,765,193,2750
1210,759,194,2750
1210,753,195,2750
1210,748,195,2750
1210,744,197,2750
1210,739,198,2760
1210,735,200,2760
1210,729,200,2760
1210,724,201,2760
1210,724,201,2760
1210,723,202,2760
1210,720,202,2760
1210,718,202,2760
1210,716,202,2760
1210,710,202,2760
1220,705,202,2770
1220,702,202,2770
1220,699,203,2770
1230,697,203,2770
1230,696,203,2770
1230,695,203,2770
1230,694,202,2770
1190,937,168,2600
1190,938,168,2770
1190,939,168,2770
1190,939,168,2780
1190,940,168,2780
1190,941,168,2600
1190,941,168,2780
1180,984,168,2590
1190,984,168,2780
1190,985,167,2780
1200,988,167,2780
1200,991,167,2780
1200,993,166,2780
1210,996,165,2780
1210,996,165,2790
1210,997,165,2790
1210,999,165,2790
1220,1000,164,2790
1220,1000,163,2790
1220,1000,163,2790
1220,1000,161,2790
1230,1010,160,2790
1230,1010,159,2790
1240,1010,158,2790
1240,1010,157,2800
1250,1010,157,2800
1250,1010,157,2800
1260,1020,156,2800
1260,1020,156,2800
1270,1020,156,2800
1280,1020,156,2800
1280,1020,156,2800
1290,1020,156,2800
1290,1020,156,2800
1300,1020,155,2810
1300,1030,154,2810
1300,1030,155,2810
1310,1030,155,2810
1320,1030,154,2810
1320,1030,154,2810
1330,1030,154,2810
1330,1030,153,2810
1340,1030,152,2810
1350,1030,152,2810
1350,1030,151,2820
1360,1030,151,2820
1360,1030,150,2820
1370,1030,149,2820
1370,1020,149,2820
1380,1020,149,2820
1380,1020,149,2820
1390,1020,149,2820
1400,1020,148,2820
1400,1020,147,2820
1410,1020,147,2830
1410,1020,147,2830
1420,1020,146,2830
1420,1030,145,2830
1430,1030,145,2830
1430,1030,145,2830
1440,1030,145,2830
1440,1030,146,2830
1440,1030,146,2830
1440,1030,146,2830
1250,1020,156,2800
1260,1020,156,2840
1260,1020,156,2840
1260,1020,156,2840
1260,1020,155,2840
1260,1020,154,2840
1260,1030,154,2840
1270,1030,154,2840
1270,1030,153,2840
1280,1030,152,2840
1280,1040,151,2850
1280,1040,151,2850
1290,1040,151,2850
1290,1050,150,2850
1290,1050,150,2850
1300,1050,149,2850
1300,1050,149,2850
1300,1050,149,2850
1310,1060,148,2850
1310,1060,148,2850
1310,1060,148,2860
1310,1060,148,2860
1320,1060,147,2860
1320,1060,146,2860
1320,1060,147,2860
1330,1070,147,2860
1330,1070,147,2860
1330,1070,146,2860
1330,1070,146,2860
1340,1070,146,2860
1340,1070,146,2870
1340,1070,145,2870
1340,1070,145,2870
1340,1070,145,2870
1340,1070,145,2870
1340,1080,145,2870
1350,1080,145,2870
1350,1080,144,2870
1360,1080,144,2870
1360,1090,144,2870
1360,1090,143,2880
1360,1090,143,2880
1370,1090,143,2880
1370,1100,143,2880
1370,1100,143,2880
1370,1100,142,2880
1370,1100,141,2880
1380,1100,141,2880
1380,1100,141,2880
1380,1100,141,2880
1380,1110,142,2890
1380,1110,142,2890
1390,1110,142,2890
1390,1110,141,2890
1400,1110,141,2890
1400,1110,141,2890
1410,1110,140,2890
1410,1110,140,2890
1410,1120,140,2890
1410,1120,140,2890
1420,1120,140,2900
1420,1120,139,2900
1420,1120,139,2900
1420,1120,139,2900
1420,1120,139,2900
1430,1120,138,2900
1430,1120,138,2900
1430,1120,138,2900
1430,1130,138,2900
1430,1130,137,2900
1440,1140,137,2910
1440,1140,136,2910
1440,1140,135,2910
1440,1150,134,2910
1440,1150,134,2910
1440,1150,132,2910
1440,1150,132,2910
1440,1150,131,2910
1150,1010,166,261
1150,1010,166,2910
1150,1010,166,2920
1160,1020,167,2920
1160,1020,167,2920
1160,1020,167,2920
1170,1030,167,2920
1170,1030,167,2920
1180,1030,167,2920
1180,1040,167,2920
1180,1040,167,2920
1180,1050,167,2920
1190,1050,167,2930
1190,1060,167,2930
1190,1060,167,2930
1190,1060,167,2930
1200,1070,167,2930
1200,1070,167,2930
1200,1080,168,2930
1210,1080,168,2930
1210,1080,168,2930
1210,1090,168,2930
1220,1090,168,2940
1220,1090,168,2940
1220,1100,168,2940
1220,1100,169,2940
1230,1110,169,2940
1230,1110,169,2940
1230,1120,169,2940
1230,1120,170,2940
1240,1120,170,2940
1240,1130,170,2940
1240,1130,170,2950
1250,1130,171,2950
1250,1140,171,2950
1250,1140,171,2950
1260,1150,171,2950
1260,1150,171,2950
1260,1160,173,2950
1270,1160,173,2950
1270,1160,174,2950
1270,1170,175,2950
1270,1170,175,2960
1280,1170,176,2960
1280,1180,177,2960
1280,1180,176,2960
1290,1180,176,2960
1290,1190,176,2960
1290,1190,176,2960
1300,1190,177,2960
1300,1200,177,2960
1300,1200,178,2960
1310,1200,178,2970
1310,1210,180,2970
1310,1210,181,2970
1310,1220,181,2970
1320,1220,182,2970
1320,1220,182,2970
1320,1220,183,2970
1320,1220,183,2970
1320,1230,184,2970
1320,1230,184,2970
1320,1230,184,2980
1330,1230,185,2980
1330,1240,186,2980
1330,1240,187,2980
1330,1240,188,2980
1340,1250,189,2980
1340,1250,189,2980
1340,1250,190,2980
1340,1260,191,2980
1350,1260,192,2980
1350,1270,192,2990
1350,1270,192,2990
1350,1280,193,2990
1360,1280,193,2990
1360,1280,194,2990
1360,1290,194,2990
1360,1290,194,2990
1370,1300,194,2990
1370,1300,195,2990
1370,1300,195,2990
1380,1310,195,3000
1380,1310,196,3000
1380,1310,196,3000
1390,1320,196,3000
1390,1320,196,3000
1390,1320,197,3000
1400,1330,197,3000
1400,1330,197,3000
1400,1330,198,3000
1410,1340,198,3000
1410,1340,199,3010
1410,1350,199,3010
1410,1350,199,3010
1420,1350,200,3010
1420,1360,200,3010
1420,1360,200,3010
1420,1370,200,3010
1420,1370,200,3010
1430,1380,200,3010
1430,1380,201,3010
1430,1380,201,3020
1440,1390,201,3020
1440,1390,201,3020
1440,1390,201,3020
1440,1390,201,3020
1440,1390,201,3020
1330,1220,183,2970
1330,1220,183,3020
1330,1210,183,3020
1330,1210,184,3020
1330,1200,184,3030
1330,1200,184,3030
1340,1190,185,3030
1340,1190,185,3030
1340,1180,185,3030
1340,1180,185,3030
1340,1170,185,3030
1340,1170,184,3030
1350,1160,184,3030
1350,1160,184,3030
1350,1160,184,3040
1350,1150,184,3040
1350,1150,184,3040
1360,1140,184,3040
1360,1140,184,3040
1360,1140,184,3040
1370,1130,184,3040
1370,1130,184,3040
1370,1120,184,3040
1370,1120,184,3040
1380,1110,184,3050
1380,1110,184,3050
1380,1100,183,3050
1380,1100,183,3050
1380,1090,183,3050
1380,1080,183,3050
1380,1080,182,3050
1380,1070,182,3050
1390,1070,182,3050
1390,1070,182,3050
1390,1060,182,3060
1390,1060,182,3060
1390,1060,182,3060
1390,1060,182,3060
1390,1060,181,3060
1390,1050,180,3060
1400,1050,180,3060
1400,1040,180,3060
1400,1040,180,3060
1400,1030,180,3060
1400,1030,180,3070
1400,1020,180,3070
1410,1020,180,3070
1410,1010,180,3070
1410,1010,179,3070
1410,1000,179,3070
1410,998,179,3070
1420,992,179,3070
1420,987,179,3070
1420,981,179,3070
1420,976,179,3080
1420,974,179,3080
1420,972,179,3080
1420,969,179,3080
1420,968,180,3080
1420,967,180,3080
1420,963,182,3080
1420,959,182,3080
1420,955,184,3080
1410,952,185,3080
1430,969,178,3080
1430,967,177,3090
1430,964,176,3090
1440,961,175,3090
1440,958,173,3090
1440,956,173,3090
1440,955,173,3090
1440,955,172,3090
1440,954,171,3090
1440,954,168,3090
1140,992,160,1
1140,989,160,3100
1150,988,160,3100
1150,988,160,3100
1150,985,160,3100
1150,982,159,3100
1160,977,159,3100
1160,974,158,3100
1160,970,158,3100
1170,966,157,3100
1170,961,157,3110
1170,957,156,3110
1170,952,156,3110
1170,947,155,3110
1170,943,154,3110
1180,938,154,3110
1180,931,154,3110
1180,925,155,3110
1180,920,155,3110
1180,914,155,3110
1180,909,156,3120
1180,903,156,3120
1180,897,156,3120
1180,892,157,3120
1180,887,157,3120
1190,882,157,3120
1190,877,157,3120
1190,871,157,3120
1190,865,157,3120
1190,859,156,3120
1190,853,156,3130
1190,847,156,3130
1190,842,155,3130
1200,836,155,3130
1200,830,155,3130
1200,826,155,3130
1200,821,156,3130
1200,817,156,3130
1210,812,156,3130
1210,808,156,3130
1210,803,156,3140
1210,798,155,3140
1210,793,155,3140
1210,787,155,3140
1220,783,155,3140
1220,777,155,3140
1220,771,155,3140
1220,767,153,3140
1220,762,153,3140
1220,758,153,3140
1230,754,152,3150
1230,749,152,3150
1230,744,151,3150
1230,740,151,3150
1230,736,150,3150
1240,730,150,3150
1240,725,150,3150
1240,718,150,3150
1240,712,150,3150
1240,707,150,3150
1240,701,150,3160
1240,696,150,3160
1250,690,150,3160
1250,685,150,3160
1250,679,150,3160
1250,674,150,3160
1250,668,150,3160
1250,665,150,3160
1250,662,150,3160
1250,661,150,3160
1250,661,151,3170
1260,657,151,3170
1260,656,151,3170
1260,655,151,3170
1260,651,151,3170
1260,645,151,3170
1260,639,151,3170
1260,633,151,3170
1260,627,151,3170
1260,621,151,3170
1260,615,151,3180
1190,850,157,3130
1190,845,157,3180
1180,840,157,3180
1180,840,156,3180
1180,838,156,3180
1180,837,158,3180
1180,835,158,3180
1180,831,158,3180
1180,830,158,3180
1180,830,158,3190
1170,825,158,3190
1170,821,158,3190
1170,816,158,3190
1170,810,158,3190
1170,804,158,3190
1170,798,158,3190
1160,793,158,3190
1160,788,158,3190
1160,783,158,3190
1160,778,159,3200
1160,772,159,3200
1160,765,159,3200
1160,760,158,3200
1160,754,158,3200
1160,748,159,3200
1160,743,159,3200
1150,737,159,3200
1150,733,160,3200
1150,729,161,3200
1150,726,164,3210
1150,724,166,3210
1150,723,166,3210
1150,723,167,3210
1150,722,167,3210
1150,722,167,3210
1140,722,168,3210
1140,722,168,3210
1140,721,168,3210
1140,721,168,3210
1140,720,168,3220
1140,720,167,3220
1140,720,167,3220
1180,941,154,3110
1180,938,152,3220
1180,935,151,3220
1180,932,150,3220
1180,929,148,3220
1190,926,147,3220
1190,923,145,3220
1190,918,143,3230
1190,915,141,3230
1190,912,139,3230
1200,907,139,3230
1200,903,138,3230
1200,900,137,3230
1200,896,137,3230
1210,894,136,3230
1210,891,136,3230
1220,889,135,3230
1220,888,132,3240
1220,887,131,3240
1220,887,130,3240
1220,887,128,3240
1220,888,127,3240
1220,889,126,3240
1220,890,124,3240
1220,892,124,3240
1230,894,124,3240
1230,895,124,3240
1230,896,123,3250
1230,896,123,3250
1240,896,123,3250
1240,896,124,3250
1240,890,121,3250
1240,887,120,3250
1240,885,120,3250
1240,884,119,3250
1250,883,119,3250
1250,883,119,3250
1250,882,119,3260
1250,881,119,3260
1250,881,119,3260
1260,880,118,3260
1260,879,118,3260
1260,879,117,3260
1260,877,116,3260
1270,873,116,3260
1270,870,115,3260
1270,867,113,3260
1280,865,113,3270
1280,864,111,3270
1280,863,110,3270
1290,863,109,3270
1290,864,108,3270
1300,863,107,3270
1310,863,106,3270
1310,862,105,3270
1310,861,104,3270
1320,859,102,3270
1320,859,100,3280
1330,858,99,3280
1330,857,97,3280
1340,856,96,3280
1340,856,93,3280
1350,856,91,3280
1350,856,89,3280
1350,856,88,3280
1360,856,87,3280
1360,856,86,3280
1360,856,84,3290
1360,856,82,3290
1190,906,139,3230
1190,902,138,3290
1190,900,138,3290
1190,899,138,3290
1190,897,138,3290
1190,894,138,3290
1190,893,138,3290
1180,890,137,3290
1180,886,137,3300
1180,884,136,3300
1170,882,135,3300
1170,879,135,3300
1160,877,135,3300
1160,876,134,3300
1160,875,134,3300
1160,873,134,3300
1160,871,134,3300
1160,868,133,3300
1150,868,133,3310
1150,865,133,3310
1150,862,131,3310
1140,859,130,3310
1140,858,128,3310
1140,857,126,3310
1130,852,122,3310
1130,849,119,3310
1130,845,118,3310
1130,842,115,3310
1130,838,113,3320
1130,835,113,3320
1130,834,111,3320
1130,832,111,3320
1130,831,110,3320
1120,830,110,3320
1120,825,109,3320
1120,822,107,3320
1120,821,107,3320
1120,820,107,3320
1120,820,107,3330
1120,819,107,3330
1120,819,106,3330
1120,818,106,3330
1120,818,106,3330
1120,818,105,3330
1120,818,104,3330
1120,818,104,3330
1120,818,104,3330
1120,818,103,3330
1120,818,102,3340
1120,819,102,3340
1120,819,101,3340
1110,819,100,3340
1110,819,98,3340
1110,817,98,3340
1110,817,98,3340
1110,819,97,3340
1110,819,95,3340
1100,820,93,3340
1100,821,91,3350
1170,967,158,3100
1170,965,158,3350
1170,963,159,3350
1180,961,159,3350
1180,959,160,3350
1190,958,161,3350
1190,958,161,3350
1200,958,162,3350
1210,958,163,3350
1210,957,163,3360
1220,957,163,3360
1220,955,163,3360
1230,955,162,3360
1230,956,161,3360
1240,956,161,3360
1250,957,161,3360
1250,958,161,3360
1260,959,160,3360
1260,959,159,3360
1270,959,159,3370
1280,959,159,3370
1280,957,158,3370
1290,956,158,3370
1290,954,157,3370
1300,953,157,3370
1300,952,157,3370
1310,950,156,3370
1310,949,157,3370
1320,946,158,3370
1320,944,157,3380
1330,943,157,3380
1330,943,157,3380
1340,943,157,3380
1350,943,156,3380
1350,942,156,3380
1360,942,156,3380
1370,942,156,3380
1370,942,155,3380
1380,942,155,3380
1390,942,155,3390
1390,941,155,3390
1400,940,155,3390
1400,939,155,3390
1410,938,155,3390
1420,937,154,3390
1420,937,154,3390
1430,938,154,3390
1430,938,154,3390
1430,938,154,3390
1430,938,154,3400
1430,938,154,3400
1430,938,154,3400
1430,938,154,3400
1440,938,154,3400
1160,976,154,3100
1170,976,151,3400
1170,976,149,3400
1170,976,148,3400
1170,975,146,3400
1170,975,143,3410
1170,975,142,3410
1170,975,140,3410
1170,973,139,3410
1170,973,137,3410
1170,974,136,3410
1160,974,134,3410
1160,976,131,3410
1160,978,126,3410
1160,980,122,3410
1160,982,121,3420
1160,983,119,3420
1160,983,117,3420
1160,983,115,3420
1170,982,115,3420
1170,980,112,3420
1170,978,110,3420
1170,977,109,3420
1170,977,108,3420
1170,976,107,3420
1170,974,106,3430
1170,973,105,3430
1170,970,101,3430
1170,966,98,3430
1170,961,96,3430
1170,956,95,3430
1170,952,92,3430
1170,949,92,3430
1170,947,91,3430
1170,946,89,3430
1170,945,89,3440
1170,945,88,3440
1170,941,87,3440
1170,939,85,3440
1160,935,83,3440
1160,930,81,3440
1170,927,78,3440
1170,922,77,3440
1170,919,76,3440
1170,916,73,3440
1170,912,72,3450
1170,908,70,3450
1170,904,68,3450
1170,900,66,3450
1170,895,65,3450
1170,893,64,3450
1170,891,63,3450
1170,891,60,3450
1170,891,59,3450
1170,970,95,3430
1180,972,91,3460
1180,975,87,3460
1170,977,83,3460
1170,978,78,3460
1170,978,75,3460
1170,977,74,3460
1170,976,73,3460
1170,975,72,3460
1170,974,72,3460
1170,972,70,3460
1160,967,69,3470
1160,967,69,3470
1160,966,67,3470
1160,964,66,3470
1160,963,66,3470
1160,984,117,3420
1160,985,116,3470
1160,987,115,3470
1160,988,115,3470
1160,991,114,3470
1150,995,113,3480
1150,998,111,3480
1150,1000,109,3480
1150,1000,108,3480
1150,1010,106,3480
1150,1010,105,3480
1140,1020,104,3480
1140,1020,103,3480
1140,1020,101,3480
1140,1030,100,3480
1140,1030,99,3490
1140,1030,99,3490
1140,1030,98,3490
1140,1030,98,3490
1140,1030,98,3490
1140,1040,98,3490
1140,1040,97,3490
1140,1040,97,3490
1140,1040,97,3490
1140,1040,97,3490
1140,1040,97,3500
1140,1040,97,3500
1130,1040,96,3500
1130,1040,96,3500
1130,1040,96,3500
1130,1040,95,3500
1130,1040,94,3500
1130,1040,94,3500
1130,1040,93,3500
1120,1050,92,3500
1120,1050,90,3510
1120,1050,89,3510
1120,1050,89,3510
1120,1050,88,3510
1120,1050,87,3510
1110,1050,85,3510
1110,1050,84,3510
1110,1050,83,3510
1110,1050,82,3510
1110,1050,80,3510
1110,1050,78,3520
1110,1050,77,3520
1170,977,149,3400
1170,979,147,3520
1180,982,146,3520
1180,983,145,3520
1180,985,145,3520
1180,986,144,3520
1180,987,144,3520
1180,988,144,3520
1190,990,143,3530
1190,992,142,3530
1190,995,141,3530
1200,997,140,3530
1200,998,138,3530
1200,1000,138,3530
1210,1000,136,3530
1210,1000,135,3530
1220,1010,134,3530
1220,1010,134,3530
1220,1010,133,3540
1230,1020,132,3540
1230,1020,131,3540
1230,1020,129,3540
1240,1020,127,3540
1240,1020,127,3540
1250,1020,127,3540
1250,1020,127,3540
1250,1020,127,3540
1250,1020,127,3540
1250,1020,126,3550
1260,1030,126,3550
1260,1030,126,3550
1260,1030,124,3550
1260,1030,122,3550
1270,1030,122,3550
1270,1030,120,3550
1270,1040,119,3550
1270,1040,119,3550
1280,1040,118,3550
1280,1050,117,3560
1280,1050,116,3560
1280,1050,116,3560
1280,1050,116,3560
1280,1050,115,3560
1290,1050,115,3560
1290,1050,115,3560
1290,1060,115,3560
1290,1060,115,3560
1290,1060,114,3560
1300,1070,113,3570
1300,1070,112,3570
1300,1070,110,3570
1310,1080,110,3570
1310,1080,108,3570
1310,1080,106,3570
1310,1090,104,3570
1310,1090,103,3570
1310,1100,102,3570
1310,1100,101,3570
1310,1110,99,3580
1310,1110,97,3580
1310,1120,95,3580
1320,1120,94,3580
1320,1120,92,3580
1320,1120,91,3580
1320,1130,90,3580
1320,1130,90,3580
1320,1130,90,3580
1140,993,159,3100
1140,995,158,3590
